{"cameraMode":{"drawMode":0,"name":"Shaded","section":"Shading Mode"},"sceneLighting":true,"audioPlay":false,"sceneViewState":{"m_AlwaysRefresh":false,"showFog":true,"showSkybox":true,"showFlares":true,"showImageEffects":true,"showParticleSystems":true,"showVisualEffectGraphs":true,"m_FxEnabled":true},"in2DMode":false,"pivot":{"x":-0.9737362265586853,"y":2.4739725589752199,"z":-0.04813031107187271},"rotation":{"x":-0.04793201759457588,"y":-0.8733305931091309,"z":-0.08779780566692352,"w":0.47686779499053957},"size":1.043576717376709,"orthographic":false}