{"cameraMode":{"drawMode":0,"name":"Shaded","section":"Shading Mode"},"sceneLighting":true,"audioPlay":false,"sceneViewState":{"m_AlwaysRefresh":false,"showFog":true,"showSkybox":true,"showFlares":true,"showImageEffects":true,"showParticleSystems":true,"showVisualEffectGraphs":true,"m_FxEnabled":true},"in2DMode":false,"pivot":{"x":-0.8148089051246643,"y":2.041410207748413,"z":2.312699317932129},"rotation":{"x":-0.0020458041690289976,"y":-0.9977533221244812,"z":-0.03412572294473648,"w":0.05872710049152374},"size":0.0030608417000621559,"orthographic":false}