{"cameraMode":{"drawMode":0,"name":"Shaded","section":"Shading Mode"},"sceneLighting":true,"audioPlay":false,"sceneViewState":{"m_AlwaysRefresh":false,"showFog":true,"showSkybox":true,"showFlares":true,"showImageEffects":true,"showParticleSystems":true,"showVisualEffectGraphs":true,"m_FxEnabled":true},"in2DMode":false,"pivot":{"x":5.948637962341309,"y":0.7642512321472168,"z":16.631710052490236},"rotation":{"x":0.09765272587537766,"y":0.008953946642577649,"z":-0.0008557293913327158,"w":0.995214581489563},"size":2.8887882232666017,"orthographic":false}